scheduler,rate,metric,rho,p,p_holm
adaptive,250.0,mean_throughput_proofs_s,-0.32121212121212117,0.36546831043867045,1.0
adaptive,250.0,mean_latency_ms,0.2727272727272727,0.4458383415427516,1.0
adaptive,250.0,median_latency_ms,0.3696969696969697,0.29305007529282234,1.0
adaptive,250.0,p95_latency_ms,0.406060606060606,0.24428229408662647,1.0
adaptive,250.0,p99_latency_ms,0.1515151515151515,0.6760651759978539,1.0
adaptive,250.0,coeff_variation,0.07878787878787878,0.8287173946974606,1.0
adaptive,250.0,mean_cpu_pct,0.0303030303030303,0.9337729580941466,1.0
adaptive,250.0,peak_cpu_pct,-0.10495626976502344,0.772920629445078,1.0
adaptive,250.0,mean_memory_gb,-0.2121212121212121,0.5563057751029299,1.0
adaptive,250.0,mean_buffer_occupancy_pct,-0.2121212121212121,0.5563057751029299,1.0
adaptive,250.0,mean_batch_size,0.0303030303030303,0.9337729580941466,1.0
adaptive,500.0,mean_throughput_proofs_s,-0.04255338805760452,0.9070828390046616,1.0
adaptive,500.0,mean_latency_ms,0.19999999999999998,0.5795840000000002,1.0
adaptive,500.0,median_latency_ms,0.309090909090909,0.38484123026128353,1.0
adaptive,500.0,p95_latency_ms,0.35757575757575755,0.31037609170568026,1.0
adaptive,500.0,p99_latency_ms,0.12727272727272726,0.7260570147627894,1.0
adaptive,500.0,coeff_variation,-0.006060606060606061,0.9867429111949892,1.0
adaptive,500.0,mean_cpu_pct,0.06666666666666665,0.8548130882487427,1.0
adaptive,500.0,peak_cpu_pct,-0.21276694028802262,0.5550759959985582,1.0
adaptive,500.0,mean_memory_gb,-0.4424242424242424,0.20042268671194213,1.0
adaptive,500.0,mean_buffer_occupancy_pct,-0.4424242424242424,0.20042268671194213,1.0
adaptive,500.0,mean_batch_size,-0.012158110873601292,0.9734080635074243,1.0
adaptive,1000.0,mean_throughput_proofs_s,0.12727272727272726,0.7260570147627894,1.0
adaptive,1000.0,mean_latency_ms,0.13939393939393938,0.7009318849100584,1.0
adaptive,1000.0,median_latency_ms,0.3939393939393939,0.25999776683488757,1.0
adaptive,1000.0,p95_latency_ms,0.04242424242424241,0.9073638178128159,1.0
adaptive,1000.0,p99_latency_ms,-0.04242424242424241,0.9073638178128159,1.0
adaptive,1000.0,coeff_variation,0.0303030303030303,0.9337729580941466,1.0
adaptive,1000.0,mean_cpu_pct,0.33333333333333326,0.3465935070873343,1.0
adaptive,1000.0,peak_cpu_pct,-0.23708316203522517,0.5095614092618308,1.0
adaptive,1000.0,mean_memory_gb,0.09090909090909088,0.8027717312071619,1.0
adaptive,1000.0,mean_buffer_occupancy_pct,0.09090909090909088,0.8027717312071619,1.0
adaptive,1000.0,mean_batch_size,-0.042683720332337284,0.9067992878615369,1.0
adaptive,1500.0,mean_throughput_proofs_s,0.04242424242424241,0.9073638178128159,1.0
adaptive,1500.0,mean_latency_ms,0.38181818181818183,0.2762553333854362,1.0
adaptive,1500.0,median_latency_ms,0.2727272727272727,0.4458383415427516,1.0
adaptive,1500.0,p95_latency_ms,0.35757575757575755,0.31037609170568026,1.0
adaptive,1500.0,p99_latency_ms,0.5272727272727272,0.11730806555020232,1.0
adaptive,1500.0,coeff_variation,-0.10303030303030303,0.7769984634438898,1.0
adaptive,1500.0,mean_cpu_pct,0.18787878787878787,0.6032176100292089,1.0
adaptive,1500.0,peak_cpu_pct,0.17629260766721871,0.6261234187474364,1.0
adaptive,1500.0,mean_memory_gb,0.07878787878787878,0.8287173946974606,1.0
adaptive,1500.0,mean_buffer_occupancy_pct,0.07878787878787878,0.8287173946974606,1.0
adaptive,1500.0,mean_batch_size,0.018293022999573125,0.9599974002377396,1.0
adaptive,2000.0,mean_throughput_proofs_s,0.006060606060606061,0.9867429111949892,1.0
adaptive,2000.0,mean_latency_ms,0.33333333333333326,0.3465935070873343,1.0
adaptive,2000.0,median_latency_ms,0.41818181818181815,0.22911284098281892,1.0
adaptive,2000.0,p95_latency_ms,0.2606060606060606,0.46708905438634024,1.0
adaptive,2000.0,p99_latency_ms,-0.09090909090909088,0.8027717312071619,1.0
adaptive,2000.0,coeff_variation,-0.33333333333333326,0.3465935070873343,1.0
adaptive,2000.0,mean_cpu_pct,0.2121212121212121,0.5563057751029299,1.0
adaptive,2000.0,peak_cpu_pct,0.38181818181818183,0.2762553333854362,1.0
adaptive,2000.0,mean_memory_gb,-0.6363636363636362,0.04791172612997544,1.0
adaptive,2000.0,mean_buffer_occupancy_pct,-0.6363636363636362,0.04791172612997544,1.0
adaptive,2000.0,mean_batch_size,-0.14589733048321551,0.6875567115411833,1.0
adaptive,2500.0,mean_throughput_proofs_s,0.17629260766721871,0.6261234187474364,1.0
adaptive,2500.0,mean_latency_ms,0.23636363636363633,0.5108853175152003,1.0
adaptive,2500.0,median_latency_ms,0.41818181818181815,0.22911284098281892,1.0
adaptive,2500.0,p95_latency_ms,0.32121212121212117,0.36546831043867045,1.0
adaptive,2500.0,p99_latency_ms,0.6363636363636362,0.04791172612997544,1.0
adaptive,2500.0,coeff_variation,-0.2606060606060606,0.46708905438634024,1.0
adaptive,2500.0,mean_cpu_pct,0.01818181818181818,0.9602404181286242,1.0
adaptive,2500.0,peak_cpu_pct,0.5045616012544536,0.13694196641606443,1.0
adaptive,2500.0,mean_memory_gb,-0.35757575757575755,0.31037609170568026,1.0
adaptive,2500.0,mean_buffer_occupancy_pct,-0.35757575757575755,0.31037609170568026,1.0
adaptive,2500.0,mean_batch_size,-0.03048837166595521,0.9333686465687113,1.0
adaptive,3000.0,mean_throughput_proofs_s,0.10303030303030303,0.7769984634438898,1.0
adaptive,3000.0,mean_latency_ms,0.2121212121212121,0.5563057751029299,1.0
adaptive,3000.0,median_latency_ms,0.4787878787878787,0.16152292801745594,1.0
adaptive,3000.0,p95_latency_ms,0.33333333333333326,0.3465935070873343,1.0
adaptive,3000.0,p99_latency_ms,0.24848484848484845,0.4887763045192432,1.0
adaptive,3000.0,coeff_variation,-0.1515151515151515,0.6760651759978539,1.0
adaptive,3000.0,mean_cpu_pct,-0.10303030303030303,0.7769984634438898,1.0
adaptive,3000.0,peak_cpu_pct,0.09090909090909088,0.8027717312071619,1.0
adaptive,3000.0,mean_memory_gb,-0.34545454545454546,0.3282265114713672,1.0
adaptive,3000.0,mean_buffer_occupancy_pct,-0.34545454545454546,0.3282265114713672,1.0
adaptive,3000.0,mean_batch_size,0.16001893827313254,0.6587848870210906,1.0
adaptive_batch,250.0,mean_throughput_proofs_s,-0.05454545454545454,0.8810361811618526,1.0
adaptive_batch,250.0,mean_latency_ms,-0.07878787878787878,0.8287173946974606,1.0
adaptive_batch,250.0,median_latency_ms,-0.10303030303030303,0.7769984634438898,1.0
adaptive_batch,250.0,p95_latency_ms,-0.0303030303030303,0.9337729580941466,1.0
adaptive_batch,250.0,p99_latency_ms,-0.0303030303030303,0.9337729580941466,1.0
adaptive_batch,250.0,coeff_variation,-0.12727272727272726,0.7260570147627894,1.0
adaptive_batch,250.0,mean_cpu_pct,0.4666666666666666,0.17393859716506654,1.0
adaptive_batch,250.0,peak_cpu_pct,0.10004886391691557,0.7833206927022142,1.0
adaptive_batch,250.0,mean_memory_gb,-0.07878787878787878,0.8287173946974606,1.0
adaptive_batch,250.0,mean_buffer_occupancy_pct,-0.07878787878787878,0.8287173946974606,1.0
adaptive_batch,250.0,mean_batch_size,0.35757575757575755,0.31037609170568026,1.0
adaptive_batch,500.0,mean_throughput_proofs_s,0.32121212121212117,0.36546831043867045,1.0
adaptive_batch,500.0,mean_latency_ms,0.33333333333333326,0.3465935070873343,1.0
adaptive_batch,500.0,median_latency_ms,0.41818181818181815,0.22911284098281892,1.0
adaptive_batch,500.0,p95_latency_ms,0.2121212121212121,0.5563057751029299,1.0
adaptive_batch,500.0,p99_latency_ms,0.05454545454545454,0.8810361811618526,1.0
adaptive_batch,500.0,coeff_variation,-0.10303030303030303,0.7769984634438898,1.0
adaptive_batch,500.0,mean_cpu_pct,0.2121212121212121,0.5563057751029299,1.0
adaptive_batch,500.0,peak_cpu_pct,0.01818181818181818,0.9602404181286242,1.0
adaptive_batch,500.0,mean_memory_gb,0.5030303030303029,0.13833369839449194,1.0
adaptive_batch,500.0,mean_buffer_occupancy_pct,0.5030303030303029,0.13833369839449194,1.0
adaptive_batch,500.0,mean_batch_size,-0.12727272727272726,0.7260570147627894,1.0
adaptive_batch,1000.0,mean_throughput_proofs_s,-0.2121212121212121,0.5563057751029299,1.0
adaptive_batch,1000.0,mean_latency_ms,0.2121212121212121,0.5563057751029299,1.0
adaptive_batch,1000.0,median_latency_ms,0.13939393939393938,0.7009318849100584,1.0
adaptive_batch,1000.0,p95_latency_ms,0.01818181818181818,0.9602404181286242,1.0
adaptive_batch,1000.0,p99_latency_ms,-0.01818181818181818,0.9602404181286242,1.0
adaptive_batch,1000.0,coeff_variation,0.09090909090909088,0.8027717312071619,1.0
adaptive_batch,1000.0,mean_cpu_pct,0.24848484848484845,0.4887763045192432,1.0
adaptive_batch,1000.0,peak_cpu_pct,0.7659609850368815,0.009787039903408316,1.0
adaptive_batch,1000.0,mean_memory_gb,-0.01818181818181818,0.9602404181286242,1.0
adaptive_batch,1000.0,mean_buffer_occupancy_pct,-0.01818181818181818,0.9602404181286242,1.0
adaptive_batch,1000.0,mean_batch_size,-0.06666666666666665,0.8548130882487427,1.0
adaptive_batch,1500.0,mean_throughput_proofs_s,-0.06666666666666665,0.8548130882487427,1.0
adaptive_batch,1500.0,mean_latency_ms,-0.09090909090909088,0.8027717312071619,1.0
adaptive_batch,1500.0,median_latency_ms,-0.24848484848484845,0.4887763045192432,1.0
adaptive_batch,1500.0,p95_latency_ms,-0.18787878787878787,0.6032176100292089,1.0
adaptive_batch,1500.0,p99_latency_ms,-0.1515151515151515,0.6760651759978539,1.0
adaptive_batch,1500.0,coeff_variation,0.06666666666666665,0.8548130882487427,1.0
adaptive_batch,1500.0,mean_cpu_pct,0.28484848484848485,0.4250381548921454,1.0
adaptive_batch,1500.0,peak_cpu_pct,0.16363636363636364,0.6514773427962428,1.0
adaptive_batch,1500.0,mean_memory_gb,-0.16363636363636364,0.6514773427962428,1.0
adaptive_batch,1500.0,mean_buffer_occupancy_pct,-0.16363636363636364,0.6514773427962428,1.0
adaptive_batch,1500.0,mean_batch_size,0.19999999999999998,0.5795840000000002,1.0
adaptive_batch,2000.0,mean_throughput_proofs_s,-0.16363636363636364,0.6514773427962428,1.0
adaptive_batch,2000.0,mean_latency_ms,-0.0303030303030303,0.9337729580941466,1.0
adaptive_batch,2000.0,median_latency_ms,0.01818181818181818,0.9602404181286242,1.0
adaptive_batch,2000.0,p95_latency_ms,-0.10303030303030303,0.7769984634438898,1.0
adaptive_batch,2000.0,p99_latency_ms,-0.10303030303030303,0.7769984634438898,1.0
adaptive_batch,2000.0,coeff_variation,0.04242424242424241,0.9073638178128159,1.0
adaptive_batch,2000.0,mean_cpu_pct,0.16363636363636364,0.6514773427962428,1.0
adaptive_batch,2000.0,peak_cpu_pct,0.16413449679361747,0.6504731396988412,1.0
adaptive_batch,2000.0,mean_memory_gb,-0.2121212121212121,0.5563057751029299,1.0
adaptive_batch,2000.0,mean_buffer_occupancy_pct,-0.2121212121212121,0.5563057751029299,1.0
adaptive_batch,2000.0,mean_batch_size,0.06666666666666665,0.8548130882487427,1.0
adaptive_batch,2500.0,mean_throughput_proofs_s,-0.06666666666666665,0.8548130882487427,1.0
adaptive_batch,2500.0,mean_latency_ms,-0.04242424242424241,0.9073638178128159,1.0
adaptive_batch,2500.0,median_latency_ms,0.13939393939393938,0.7009318849100584,1.0
adaptive_batch,2500.0,p95_latency_ms,-0.07878787878787878,0.8287173946974606,1.0
adaptive_batch,2500.0,p99_latency_ms,-0.07878787878787878,0.8287173946974606,1.0
adaptive_batch,2500.0,coeff_variation,-0.06666666666666665,0.8548130882487427,1.0
adaptive_batch,2500.0,mean_cpu_pct,0.18787878787878787,0.6032176100292089,1.0
adaptive_batch,2500.0,peak_cpu_pct,0.28311042925246527,0.4279925064128654,1.0
adaptive_batch,2500.0,mean_memory_gb,-0.13939393939393938,0.7009318849100584,1.0
adaptive_batch,2500.0,mean_buffer_occupancy_pct,-0.13939393939393938,0.7009318849100584,1.0
adaptive_batch,2500.0,mean_batch_size,-0.22424242424242422,0.5334005612725947,1.0
adaptive_batch,3000.0,mean_throughput_proofs_s,0.09090909090909088,0.8027717312071619,1.0
adaptive_batch,3000.0,mean_latency_ms,-0.09090909090909088,0.8027717312071619,1.0
adaptive_batch,3000.0,median_latency_ms,0.07878787878787878,0.8287173946974606,1.0
adaptive_batch,3000.0,p95_latency_ms,-0.1515151515151515,0.6760651759978539,1.0
adaptive_batch,3000.0,p99_latency_ms,0.01818181818181818,0.9602404181286242,1.0
adaptive_batch,3000.0,coeff_variation,-0.05454545454545454,0.8810361811618526,1.0
adaptive_batch,3000.0,mean_cpu_pct,0.2606060606060606,0.46708905438634024,1.0
adaptive_batch,3000.0,peak_cpu_pct,0.7051704306688749,0.022737736615376845,1.0
adaptive_batch,3000.0,mean_memory_gb,0.07878787878787878,0.8287173946974606,1.0
adaptive_batch,3000.0,mean_buffer_occupancy_pct,0.07878787878787878,0.8287173946974606,1.0
adaptive_batch,3000.0,mean_batch_size,0.10303030303030303,0.7769984634438898,1.0
fixed,250.0,mean_throughput_proofs_s,-0.32121212121212117,0.36546831043867045,1.0
fixed,250.0,mean_latency_ms,0.24848484848484845,0.4887763045192432,1.0
fixed,250.0,median_latency_ms,0.33333333333333326,0.3465935070873343,1.0
fixed,250.0,p95_latency_ms,0.6727272727272726,0.03304122254543772,1.0
fixed,250.0,p99_latency_ms,0.17575757575757575,0.6271883447764846,1.0
fixed,250.0,coeff_variation,0.10303030303030303,0.7769984634438898,1.0
fixed,250.0,mean_cpu_pct,0.05454545454545454,0.8810361811618526,1.0
fixed,250.0,peak_cpu_pct,0.2201927530252721,0.5410105897949292,1.0
fixed,250.0,mean_memory_gb,-0.24848484848484845,0.4887763045192432,1.0
fixed,250.0,mean_buffer_occupancy_pct,-0.24848484848484845,0.4887763045192432,1.0
fixed,250.0,mean_batch_size,0.03647433262080388,0.9203184602756677,1.0
fixed,500.0,mean_throughput_proofs_s,-0.19999999999999998,0.5795840000000002,1.0
fixed,500.0,mean_latency_ms,0.29696969696969694,0.40470167127015705,1.0
fixed,500.0,median_latency_ms,0.3939393939393939,0.25999776683488757,1.0
fixed,500.0,p95_latency_ms,0.4545454545454545,0.18690481034933196,1.0
fixed,500.0,p99_latency_ms,0.32121212121212117,0.36546831043867045,1.0
fixed,500.0,coeff_variation,-0.17575757575757575,0.6271883447764846,1.0
fixed,500.0,mean_cpu_pct,-0.0303030303030303,0.9337729580941466,1.0
fixed,500.0,peak_cpu_pct,0.024316221747202584,0.9468397049085097,1.0
fixed,500.0,mean_memory_gb,0.2727272727272727,0.4458383415427516,1.0
fixed,500.0,mean_buffer_occupancy_pct,0.2727272727272727,0.4458383415427516,1.0
fixed,500.0,mean_batch_size,0.1533857797849622,0.6722519084711701,1.0
fixed,1000.0,mean_throughput_proofs_s,-0.11515151515151514,0.7514196523258485,1.0
fixed,1000.0,mean_latency_ms,0.2606060606060606,0.46708905438634024,1.0
fixed,1000.0,median_latency_ms,0.43030303030303024,0.21449233253280775,1.0
fixed,1000.0,p95_latency_ms,0.4545454545454545,0.18690481034933196,1.0
fixed,1000.0,p99_latency_ms,-0.04242424242424241,0.9073638178128159,1.0
fixed,1000.0,coeff_variation,0.006060606060606061,0.9867429111949892,1.0
fixed,1000.0,mean_cpu_pct,0.11515151515151514,0.7514196523258485,1.0
fixed,1000.0,peak_cpu_pct,0.34545454545454546,0.3282265114713672,1.0
fixed,1000.0,mean_memory_gb,0.41818181818181815,0.22911284098281892,1.0
fixed,1000.0,mean_buffer_occupancy_pct,0.41818181818181815,0.22911284098281892,1.0
fixed,1000.0,mean_batch_size,0.20111222724172675,0.5774329385300534,1.0
fixed,1500.0,mean_throughput_proofs_s,-0.08643457510060755,0.8123306182008212,1.0
fixed,1500.0,mean_latency_ms,0.19999999999999998,0.5795840000000002,1.0
fixed,1500.0,median_latency_ms,0.16363636363636364,0.6514773427962428,1.0
fixed,1500.0,p95_latency_ms,0.5757575757575757,0.08155281477260244,1.0
fixed,1500.0,p99_latency_ms,0.1515151515151515,0.6760651759978539,1.0
fixed,1500.0,coeff_variation,-0.07878787878787878,0.8287173946974606,1.0
fixed,1500.0,mean_cpu_pct,-0.05454545454545454,0.8810361811618526,1.0
fixed,1500.0,peak_cpu_pct,0.298786042326361,0.40169500159656035,1.0
fixed,1500.0,mean_memory_gb,-0.33333333333333326,0.3465935070873343,1.0
fixed,1500.0,mean_buffer_occupancy_pct,-0.33333333333333326,0.3465935070873343,1.0
fixed,2000.0,mean_throughput_proofs_s,0.01818181818181818,0.9602404181286242,1.0
fixed,2000.0,mean_latency_ms,0.19999999999999998,0.5795840000000002,1.0
fixed,2000.0,median_latency_ms,0.24848484848484845,0.4887763045192432,1.0
fixed,2000.0,p95_latency_ms,0.38181818181818183,0.2762553333854362,1.0
fixed,2000.0,p99_latency_ms,0.29696969696969694,0.40470167127015705,1.0
fixed,2000.0,coeff_variation,0.006060606060606061,0.9867429111949892,1.0
fixed,2000.0,mean_cpu_pct,0.2121212121212121,0.5563057751029299,1.0
fixed,2000.0,peak_cpu_pct,-0.5106406566912542,0.13150199306594582,1.0
fixed,2000.0,mean_memory_gb,0.13939393939393938,0.7009318849100584,1.0
fixed,2000.0,mean_buffer_occupancy_pct,0.13939393939393938,0.7009318849100584,1.0
fixed,2500.0,mean_throughput_proofs_s,0.250932930669947,0.48436172315296094,1.0
fixed,2500.0,mean_latency_ms,0.13939393939393938,0.7009318849100584,1.0
fixed,2500.0,median_latency_ms,0.12727272727272726,0.7260570147627894,1.0
fixed,2500.0,p95_latency_ms,0.19999999999999998,0.5795840000000002,1.0
fixed,2500.0,p99_latency_ms,0.09090909090909088,0.8027717312071619,1.0
fixed,2500.0,coeff_variation,-0.07878787878787878,0.8287173946974606,1.0
fixed,2500.0,mean_cpu_pct,0.13939393939393938,0.7009318849100584,1.0
fixed,2500.0,peak_cpu_pct,0.56535215562246,0.08853684802469883,1.0
fixed,2500.0,mean_memory_gb,0.8303030303030302,0.002940227023279509,0.6674315342844486
fixed,2500.0,mean_buffer_occupancy_pct,0.8303030303030302,0.002940227023279509,0.6674315342844486
fixed,3000.0,mean_throughput_proofs_s,0.1442864351352195,0.690862647651394,1.0
fixed,3000.0,mean_latency_ms,0.07878787878787878,0.8287173946974606,1.0
fixed,3000.0,median_latency_ms,0.09090909090909088,0.8027717312071619,1.0
fixed,3000.0,p95_latency_ms,0.406060606060606,0.24428229408662647,1.0
fixed,3000.0,p99_latency_ms,-0.006060606060606061,0.9867429111949892,1.0
fixed,3000.0,coeff_variation,-0.01818181818181818,0.9602404181286242,1.0
fixed,3000.0,mean_cpu_pct,0.34545454545454546,0.3282265114713672,1.0
fixed,3000.0,peak_cpu_pct,0.10334394242561099,0.7763340602409097,1.0
fixed,3000.0,mean_memory_gb,-0.19999999999999998,0.5795840000000002,1.0
fixed,3000.0,mean_buffer_occupancy_pct,-0.19999999999999998,0.5795840000000002,1.0
