scheduler,arrival_rate_txs,workload,trial_id,window_ms_setting,l_target_ms,offered,admitted,dropped,verified,verified_recorded,drop_fraction,served_rate_proofs_s,served_fraction,mean_throughput_proofs_s,std_throughput,mean_latency_ms,median_latency_ms,p95_latency_ms,p99_latency_ms,std_latency_ms,coeff_variation,mean_cpu_pct,peak_cpu_pct,mean_memory_gb,mean_buffer_occupancy_pct,max_buffer_occupancy_pct,mean_batch_size,final_tx_queue,final_buffer,idc,sim_seconds
adaptive,250,poisson,1,100.0,150.0,20000,20000,0,20000,18081,0.0,250.62042434571524,1.002481697382861,251.08333333333334,18.0091917063341,347.8958975199951,300.84417907723804,775.4522443523086,812.7681405389773,193.90889460259768,0.5573762035853064,10.713039408760388,16.552734375,8.000218421052631,0.021842105263157895,0.11,5.859947260474656,0,0,1.0657858395989976,72.14495804642957
fixed,250,poisson,1,100.0,150.0,20000,20000,0,20000,18087,0.0,250.59140494213318,1.0023656197685327,251.15277777777777,19.444873122929426,392.59260093171247,347.7192022025193,808.3870127449196,872.6260072568442,196.0852712124268,0.49946247266777666,7.994895364439058,11.03515625,8.00043836565097,0.04383656509695291,0.35000000000000003,25.220680958385877,0,3,1.0657858395989976,72.17725605623492
adaptive_batch,250,poisson,1,500.0,150.0,20000,20000,0,20000,18085,0.0,235.32777897531932,0.9413111159012773,235.51315789473685,6.950287132778773,2860.8540047968145,2854.202125774897,5105.194795367129,5462.695938555853,1404.8609588747865,0.4910634924114429,30.145239861020805,32.91015625,8.059414304291288,5.941430429128738,11.88,1.0313531353135315,0,1,1.0657858395989976,76.85025575283535
adaptive,500,poisson,1,100.0,150.0,20000,20000,0,20000,18154,0.0,498.1927197175473,0.9963854394350945,503.0833333333333,21.66283848964792,349.6500372406244,302.8752722671211,779.7486530021354,813.8488366280542,194.06270241540557,0.5550198248137301,16.472937178938356,23.5107421875,8.000475342465753,0.04753424657534246,0.18,11.031439602868174,0,0,1.1057289836888333,36.439713551600065
fixed,500,poisson,1,100.0,150.0,20000,20000,0,20000,18167,0.0,498.3391080654393,0.9966782161308786,503.6666666666667,21.73476477903545,401.70007788541676,355.64750193642425,818.0489505083326,883.8322298627255,196.1043578588165,0.48818600905214277,13.45923854880137,17.2607421875,8.00095506849315,0.0955068493150685,0.6,49.504950495049506,0,0,1.1057289836888333,36.455095949672895
adaptive_batch,500,poisson,1,500.0,150.0,20000,20000,0,20000,18351,0.0,235.87378470353292,0.47174756940706586,235.76623376623377,6.535119907682812,21421.144735200425,21337.308324950158,40127.681513149226,41792.262205532534,11947.19288612921,0.5577289651797607,30.08279469873235,39.1357421875,8.496655712451862,49.66557124518614,97.81,1.0655301012253595,0,0,1.1057289836888333,77.80008288358609
adaptive,1000,poisson,1,100.0,150.0,20000,20000,0,20000,18215,0.0,981.7849401351449,0.981784940135145,1003.8888888888889,34.83556142606691,352.8312916890402,305.3332982189616,781.5473023735204,816.6661061540491,194.42955697249835,0.5510553104339011,27.580408896169356,34.27734375,8.000920430107527,0.09204301075268817,0.29,21.34471718249733,0,1,1.1329261306532665,18.55294296680968
fixed,1000,poisson,1,100.0,150.0,20000,20000,0,20000,18290,0.0,982.6030324582136,0.9826030324582137,1008.5,65.48035179035185,416.8581128943348,371.89806124999154,834.4253574938459,895.3124559639673,196.00819164799785,0.4702036150551831,23.689604570521393,28.173828125,8.004469518716578,0.446951871657754,0.9900000000000001,93.02325581395348,0,0,1.1329261306532665,18.61382409358461
adaptive_batch,1000,poisson,1,500.0,150.0,20000,20000,3230,16770,15018,0.1615,246.55977959964568,0.24655977959964567,246.83333333333334,83.2900113380984,21822.256647543556,21868.080968890114,42695.0840542019,43117.397247861096,13726.271309416361,0.6290032937982825,31.46304271260246,50.048828125,8.528982131147542,52.8982131147541,100.0,1.1651497255610366,0,0,1.1329261306532665,60.91017774426005
adaptive,1500,poisson,1,100.0,150.0,20000,20000,0,20000,18340,0.0,1452.642818249629,0.9684285454997527,1509.1666666666667,53.775346384638745,356.72613706223814,310.3320412208046,784.945188699423,819.1226443731556,194.72482054428997,0.5458664233238291,38.171867310531496,48.6083984375,8.001311811023621,0.1311811023622047,0.37,31.695721077654518,0,0,1.1542694339622641,12.625264634632549
fixed,1500,poisson,1,100.0,150.0,20000,20000,0,20000,18387,0.0,1442.1092198357037,0.9614061465571357,1508.3333333333333,51.49286505444372,403.9444658850475,357.82666034457833,825.5204765960896,875.1562123557442,195.96984871542534,0.48514057071199845,34.52892303466797,41.9189453125,8.004784375,0.47843750000000007,0.9900000000000001,97.0873786407767,0,0,1.1542694339622641,12.750074506905094
adaptive_batch,1500,poisson,1,500.0,150.0,20000,20000,3617,16383,14736,0.18085,268.2756553061223,0.1788504368707482,268.8703703703704,181.8448484748506,19600.21312993519,19103.76111726383,42512.863124329575,42990.23742422631,14275.647917050512,0.728341463555183,32.10968572443182,61.8408203125,8.516126,51.6126,100.0,1.2696063236205828,0,0,1.1542694339622641,54.92857703836428
adaptive,2000,poisson,1,100.0,150.0,20000,20000,0,20000,18690,0.0,1934.1532628721902,0.9670766314360951,2023.0,45.68095883407002,362.95453657249976,315.8321646192999,790.009828159834,826.2743179914761,195.6070867341145,0.538929995423937,48.77980025773196,56.689453125,8.001970103092784,0.19701030927835053,0.59,42.016806722689076,0,0,1.1256439393939393,9.663143225912519
fixed,2000,poisson,1,100.0,150.0,20000,20000,0,20000,18649,0.0,1896.9393666603914,0.9484696833301958,2011.111111111111,78.17359599705716,397.4279781831683,351.62751748798104,820.8535140043858,863.3835344689288,196.0986981440929,0.4934194593962736,45.205965909090914,55.2490234375,8.003673737373738,0.36737373737373735,0.9900000000000001,97.5609756097561,0,0,1.1256439393939393,9.831099679707751
adaptive_batch,2000,poisson,1,500.0,150.0,20000,20000,3451,16549,15145,0.17255,291.50763185687924,0.1457538159284396,292.6470588235294,283.72781488810097,17711.52572052315,16382.72794300453,41937.52543903799,42875.97454074632,14473.240488335729,0.8171650888079578,32.57887620192308,73.9990234375,8.506028461538461,50.60284615384616,100.0,1.362394006750638,0,8,1.1256439393939393,51.95404286168296
adaptive,2500,poisson,1,100.0,150.0,20000,20000,0,20000,18877,0.0,2388.6916985650423,0.9554766794260169,2545.5714285714284,76.61343907970095,367.8446223474016,320.65596894235426,794.148345253715,828.249371365268,195.76486907512665,0.532194457066825,58.44329833984375,69.43359375,8.00275125,0.275125,0.95,51.81347150259067,0,0,1.1492645569620252,7.902652322750555
fixed,2500,poisson,1,100.0,150.0,20000,20000,0,20000,18817,0.0,2371.0109949086095,0.9484043979634438,2528.5714285714284,95.11897312113419,393.68248717622976,346.2298819485445,818.0592305369584,859.7930171703895,196.50611853107912,0.4991487427865042,55.90423583984375,66.5771484375,8.00432,0.432,0.97,98.03921568627452,0,0,1.1492645569620252,7.936276989185915
adaptive_batch,2500,poisson,1,500.0,150.0,20000,20000,2916,17084,15788,0.1458,315.1245924882616,0.12604983699530464,315.38,384.1678465016487,16163.726507544818,13803.331520144533,41113.998679590906,42784.02770874411,14488.810103050666,0.8963780781794134,32.77607344061255,84.47265625,8.497737649402392,49.77376494023904,100.0,1.4596719070403281,0,0,1.1492645569620252,50.10081845829948
adaptive,3000,poisson,1,100.0,150.0,20000,20000,0,20000,18875,0.0,2819.268191302382,0.9397560637674607,3053.1666666666665,125.44068983653855,372.4869665408069,325.83571716693615,797.5370448349311,832.8033222026257,195.44584147248403,0.5247051817343854,68.6953416511194,81.4208984375,8.0033,0.33,0.84,61.162079510703364,0,0,1.2220484848484847,6.694999808188008
fixed,3000,poisson,1,100.0,150.0,20000,20000,0,20000,18910,0.0,2807.7873266211586,0.9359291088737195,3050.0,83.66600265340756,391.1479816705588,344.04589598548887,816.6329767178265,855.6673438017738,196.5336690547936,0.5024534914264813,65.57114545036765,79.541015625,8.005667647058823,0.566764705882353,0.9900000000000001,98.03921568627452,0,0,1.2220484848484847,6.734840570263546
adaptive_batch,3000,poisson,1,500.0,150.0,20000,20000,2387,17613,16371,0.11935,334.06072238102905,0.11135357412700968,334.0816326530612,474.1843803106681,15168.945815902634,11884.72615179325,40736.95524544065,42795.13025283654,14458.031135833162,0.9531335474002305,32.992796111252545,94.43359375,8.494462525458248,49.44625254582485,100.0,1.5400017487103261,0,0,1.2220484848484847,49.00606058477975
adaptive,3250,poisson,1,100.0,150.0,20000,20000,0,20000,18873,0.0,3018.358000739311,0.9287255386890189,3131.0,304.47134512134306,374.9660516332162,328.70688924142667,798.1738888750681,834.334830418438,195.28609953293952,0.5208100804922048,73.41231088789682,87.5,8.003488888888887,0.33888888888888885,0.9299999999999999,65.78947368421052,0,1,1.1283223140495868,6.2527374139771625
fixed,3250,poisson,1,100.0,150.0,20000,20000,0,20000,18904,0.0,2985.147246128548,0.9185068449626301,3139.8333333333335,298.39598969601894,390.2675642868244,343.0932777219645,816.2730336739983,853.1388324382204,196.58545408842724,0.503719683821708,70.75157165527344,84.375,8.0047046875,0.460625,0.9900000000000001,98.03921568627452,0,0,1.1283223140495868,6.332685941879983
adaptive_batch,3250,poisson,1,500.0,150.0,20000,20000,2120,17880,16746,0.106,344.52491716675036,0.10600766682053857,345.9791666666667,516.6289869868275,14668.136889324227,10803.273501681564,40477.36255654235,42816.225581118095,14423.10603642337,0.983295025486216,33.097999149768995,100.0,8.492723203285422,49.271026694045176,100.0,1.5782505075470032,0,0,1.1283223140495868,48.6060634966931
adaptive,3500,poisson,1,100.0,150.0,20000,20000,0,20000,18871,0.0,3114.4609512820653,0.8898459860805901,3145.1666666666665,658.7070416100519,447.5523402569426,404.1250171779709,851.4216489523801,938.8706681252099,198.24587381336477,0.4429557304952323,74.68461834016394,84.375,8.026234426229509,0.38016393442622953,0.9400000000000001,68.4931506849315,0,0,1.1733964601769908,6.0591544717334695
fixed,3500,poisson,1,100.0,150.0,20000,20000,0,20000,18899,0.0,3129.004270715324,0.8940012202043782,3149.8333333333335,622.4951137693104,461.7688995607515,416.45603372022765,871.9499487910048,963.4038213561627,201.23343444936836,0.43578819327327517,73.4038806352459,84.375,8.02750819672131,0.5075409836065575,0.9900000000000001,98.52216748768473,0,0,1.1733964601769908,6.0399406216468625
adaptive_batch,3500,poisson,1,500.0,150.0,20000,20000,1910,18090,16956,0.0955,350.6683582231941,0.10019095949234118,351.6041666666667,547.7747533501353,14481.987317390405,10307.9989810342,40530.00136211665,42938.45875344124,14442.751631416673,0.9972907250148868,33.17951801394628,100.0,8.496098347107436,49.32710743801652,100.0,1.6040078028019151,0,2,1.1733964601769908,48.35337891880114
adaptive,4000,poisson,1,100.0,150.0,20000,20000,0,20000,19067,0.0,3147.524580065191,0.7868811450162978,3177.8333333333335,615.7835388078075,760.2242580130116,748.6903558354836,1285.841289435678,1501.0516008874647,301.67416296326087,0.39682259515336005,75.76564100922131,87.5,8.123709836065574,0.3395081967213115,0.84,68.4931506849315,0,0,1.2233551020408162,6.057776362021321
fixed,4000,poisson,1,100.0,150.0,20000,20000,0,20000,19090,0.0,3160.627098150988,0.790156774537747,3181.6666666666665,634.6783962501534,773.8081111581162,764.1293626892104,1308.477961106099,1538.0712593664314,307.56029330216523,0.39746325848388514,74.33121477971312,87.5,8.125547540983606,0.5232786885245901,0.98,98.52216748768473,0,0,1.2233551020408162,6.039940621646863
adaptive_batch,4000,poisson,1,500.0,150.0,20000,20000,1716,18284,17312,0.0858,357.96839351728926,0.08949209837932232,358.8333333333333,566.5411792636246,14439.545446391281,9854.652896791387,40980.37213435829,43531.40709409419,14583.086535384564,1.0099408315536107,33.238283267691116,100.0,8.507062809917356,49.189917355371904,100.0,1.6233685518955874,0,7,1.2233551020408162,48.36181158313313
adaptive,5000,poisson,1,100.0,150.0,20000,20000,0,20000,19157,0.0,3166.173845254211,0.6332347690508422,3191.0,548.4596612331667,1230.4182222003813,1210.1363334062798,2105.747155032648,2368.0615953748547,542.8419890652158,0.44118493961706834,75.6988025102459,87.5,8.271888524590162,0.3611475409836066,0.96,68.72852233676976,0,5,1.3871012820512822,6.050520576662111
fixed,5000,poisson,1,100.0,150.0,20000,20000,0,20000,19177,0.0,3123.851919145592,0.6247703838291184,3196.1666666666665,549.7346329518149,1242.9959828657466,1230.3559710806608,2126.250418674875,2419.2066195469965,549.6624867747996,0.4422077740810909,73.36898311491935,84.375,8.26843387096774,0.44838709677419364,0.9900000000000001,98.52216748768473,0,0,1.3871012820512822,6.138895343427521
adaptive_batch,5000,poisson,1,500.0,150.0,20000,20000,1551,18449,17693,0.07755,365.28846070481666,0.07305769214096333,366.5208333333333,590.3438590323127,14547.778604677198,9546.782893341848,41633.15198289693,44410.18113311993,14797.762137543636,1.0171836223013502,33.18711742912372,100.0,8.52367855670103,48.993649484536085,100.0,1.6391825855175477,0,0,1.3871012820512822,48.43569371411765
adaptive,7500,poisson,1,100.0,150.0,20000,19624,376,19624,19364,0.0188,3168.1196157708264,0.4224159487694435,3223.1666666666665,501.21030183613215,1803.0778726069998,1792.3362104776486,3222.075103572197,3500.0462620187377,904.7593283708233,0.501786052680391,75.70918913810483,90.625,8.449822580645161,0.3569354838709677,0.95,69.09859154929578,0,0,0.9596153846153848,6.1121429581151085
fixed,7500,poisson,1,100.0,150.0,20000,19624,376,19624,19389,0.0188,3150.577056585674,0.4200769408780899,3227.6666666666665,477.02480718162514,1814.2346322397877,1810.7056317200404,3243.9295465776363,3571.265708106283,912.586407445151,0.5030145446614616,74.70112462197581,87.5,8.450685483870968,0.4432258064516129,0.97,98.61306532663316,0,0,0.9596153846153848,6.154110707900647
adaptive_batch,7500,poisson,1,500.0,150.0,20000,19624,1427,18573,18357,0.07135,378.5816127505718,0.05047754836674291,380.1666666666667,629.0159938883716,14545.612760488726,8685.682206005127,42495.96642895725,45524.0939650669,15053.386154412983,1.0349090411167523,33.280092219716494,100.0,8.543862474226806,48.68156701030927,100.0,1.6553475935828876,0,7,0.9596153846153848,48.48888425042051
adaptive,10000,poisson,1,100.0,150.0,20000,17434,2566,17434,17190,0.1283,3150.2494035097243,0.31502494035097245,3397.0,136.99817517032847,1891.305749611208,1890.07681578982,3330.187019464605,3614.7270530888795,949.2935363616529,0.5019249460626857,74.98224431818183,87.5,8.476958181818182,0.34018181818181814,0.97,67.57364341085271,0,1,1.1444315789473685,5.456710818149334
fixed,10000,poisson,1,100.0,150.0,20000,17434,2566,17434,17190,0.1283,3112.6106750994995,0.31126106750995,3400.0,141.4213562373095,1904.9641556610286,1907.6366358295058,3350.8095567490805,3658.0904171975008,955.4906595930694,0.5015793377285417,72.47140066964286,84.375,8.470041071428572,0.49410714285714286,0.97,98.49717514124293,0,0,1.1444315789473685,5.522695188806578
adaptive_batch,10000,poisson,1,500.0,150.0,20000,17434,2566,17434,17218,0.1283,397.0406039192076,0.039704060391920766,398.6046511627907,670.8013381143086,12741.804680520594,6372.168650043912,38171.20488330973,41075.259035230876,13488.484092835683,1.0586007579802723,33.05506552419355,100.0,8.491748847926267,43.17359447004608,89.60000000000001,1.7392258579409416,0,5,1.1444315789473685,43.365841755327445
adaptive,250,poisson,2,100.0,150.0,20000,20000,0,20000,18093,0.0,247.2144375285315,0.988857750114126,247.78082191780823,18.89976967477416,345.6004823320486,300.9646973487463,772.7698629989071,810.0459149747342,192.33270931493982,0.5565174794233908,10.559248793971994,15.8935546875,8.00022363387978,0.022363387978142076,0.13,5.829204313611192,0,0,1.0204352647975077,73.18747311395133
fixed,250,poisson,2,100.0,150.0,20000,20000,0,20000,18100,0.0,247.0998682139641,0.9883994728558564,247.8904109589041,22.069688642416587,391.2209804215469,348.47890669908566,806.7161782113257,874.3603725886958,194.67122900765827,0.4975991543140066,7.8674899279502055,10.44921875,8.000457435197816,0.045743519781718964,0.33999999999999997,25.094102885821833,0,0,1.0204352647975077,73.24973554549688
adaptive_batch,250,poisson,2,500.0,150.0,20000,20000,0,20000,18156,0.0,235.80897363624217,0.9432358945449687,235.89473684210526,5.961160843031433,2627.9137092706324,2499.8898400828507,4333.448965895549,4635.9594036611325,1106.1502557514889,0.4209233552263391,30.11525339894481,32.32421875,8.05412064935065,5.412064935064935,10.01,1.0327377878756583,0,14,1.0204352647975077,76.9945253568143
adaptive,500,poisson,2,100.0,150.0,20000,20000,0,20000,18159,0.0,491.81058569849756,0.9836211713969951,497.3888888888889,27.307014041689285,347.383420977292,303.2336821450929,774.9416437330743,813.0659760790292,192.73757650925023,0.5548266407389926,16.15280563766892,22.4853515625,8.000434594594594,0.04345945945945946,0.19,11.001100110011,0,0,1.0131614713216959,36.92275141701057
fixed,500,poisson,2,100.0,150.0,20000,20000,0,20000,18208,0.0,492.74432862224535,0.9854886572444908,499.19444444444446,31.133646883299235,400.4817004200182,357.3740986699292,818.8467937780327,882.9958619203458,195.11321873639972,0.4871963401368112,13.238954286317567,15.7958984375,8.000963783783783,0.09637837837837838,0.64,49.382716049382715,0,0,1.0131614713216959,36.95222642320633
adaptive_batch,500,poisson,2,500.0,150.0,20000,20000,0,20000,18363,0.0,236.22568113972378,0.47245136227944756,236.19480519480518,6.567541719537637,21167.827099804657,21049.334317364694,39413.52471804093,41172.140893473785,11776.54059162372,0.5563414958039031,30.075081087323262,38.330078125,8.491710539845759,49.171053984575835,97.13000000000001,1.0688328345446771,0,1,1.0131614713216959,77.73498593126534
adaptive,1000,poisson,2,100.0,150.0,20000,20000,0,20000,18347,0.0,968.1921189279601,0.9681921189279601,996.8888888888889,31.09168394374155,350.7896596938133,305.8701946962543,778.4281309980105,815.109350695366,192.983666493896,0.5501406930362251,26.888106496710527,35.2783203125,8.000893684210526,0.08936842105263158,0.29,21.299254526091588,0,0,1.0579265,18.949751440153108
fixed,1000,poisson,2,100.0,150.0,20000,20000,0,20000,18418,0.0,973.7238672728612,0.9737238672728612,997.3333333333334,62.447154129099665,414.55444083754946,372.3129314106983,832.146101242288,896.2531211563843,194.99354287939633,0.4703689640507506,23.171001233552634,27.3681640625,8.004312631578946,0.43126315789473685,0.9900000000000001,93.02325581395348,0,0,1.0579265,18.91501340270509
adaptive_batch,1000,poisson,2,500.0,150.0,20000,20000,3102,16898,15235,0.1551,250.18404304551967,0.25018404304551967,250.26666666666668,96.09209330366483,21422.60425235576,21450.607771297335,42520.25360774562,42894.288981721395,13820.598870435133,0.6451409318694452,31.408029941502463,49.5361328125,8.527565681444992,52.756568144499184,100.0,1.1742061010353693,0,14,1.0579265,60.895170669330305
adaptive,1500,poisson,2,100.0,150.0,20000,20000,0,20000,18459,0.0,1445.7897412241275,0.9638598274827517,1497.75,52.068355422114465,354.50567868555675,310.1494496840935,782.2450133845607,819.0094749841525,193.20203684417896,0.5449899633781251,37.99552917480469,45.41015625,8.00146953125,0.146953125,0.44,31.545741324921135,0,0,0.9999781954887216,12.767416639968031
fixed,1500,poisson,2,100.0,150.0,20000,20000,0,20000,18492,0.0,1427.2111821025576,0.9514741214017051,1500.0,60.30226891555272,401.80971748078844,359.0131326975201,822.5403249874474,875.2902618857295,194.11376188605922,0.48309872419982053,33.80521334134615,41.9189453125,8.004757692307692,0.47576923076923083,0.9900000000000001,97.0873786407767,0,0,0.9999781954887216,12.956737049073364
adaptive_batch,1500,poisson,2,500.0,150.0,20000,20000,3543,16457,14891,0.17715,270.39179149828664,0.1802611943321911,270.45454545454544,190.25721558145457,19416.238648211933,18956.902084652404,42519.72181421441,42973.60447550922,14335.933624098107,0.7383476214852933,32.023008592332125,61.62109375,8.515673139745918,51.567313974591656,100.0,1.2755386761742367,0,9,0.9999781954887216,55.07193808468242
adaptive,2000,poisson,2,100.0,150.0,20000,20000,0,20000,18795,0.0,1909.4786585974741,0.9547393292987371,2002.111111111111,78.79632676153827,360.348148103571,316.01590356198227,785.3814457707816,822.2890013420936,193.77977900927735,0.5377571108082434,48.06882299558081,56.7626953125,8.002103030303031,0.21030303030303032,0.91,41.75365344467641,0,1,1.0836180904522612,9.843000818770639
fixed,2000,poisson,2,100.0,150.0,20000,20000,0,20000,18858,0.0,1898.8156275581212,0.9494078137790606,2011.111111111111,78.17359599705716,394.6097754909988,350.3467921359005,817.8416704384708,862.6183129657252,194.57076224025687,0.49307131836295603,44.306884765625,54.00390625,8.005348999999999,0.5348999999999999,0.9900000000000001,97.5609756097561,0,0,1.0836180904522612,9.931453968625384
adaptive_batch,2000,poisson,2,500.0,150.0,20000,20000,3350,16650,15354,0.1675,294.41416124722855,0.14720708062361426,294.5769230769231,294.9709421484013,17536.449103821615,16180.731408515643,41912.734653315485,42966.05557005757,14545.207425528082,0.8294271741910585,32.41630934207376,72.3876953125,8.505912068965518,50.591206896551725,100.0,1.3692434210526316,0,4,1.0836180904522612,52.15102403687293
adaptive,2500,poisson,2,100.0,150.0,20000,20000,0,20000,18873,0.0,2352.149838105444,0.9408599352421776,2359.125,383.89337712443023,365.22036495189104,320.604846452798,791.2579444978445,827.767210026478,194.1350078858036,0.5315558126430769,57.82606336805556,70.80078125,8.00244938271605,0.24493827160493825,0.88,51.282051282051285,0,0,0.974993710691824,8.023723529110455
fixed,2500,poisson,2,100.0,150.0,20000,20000,0,20000,18919,0.0,2331.793110657623,0.9327172442630491,2364.875,385.91095845692547,390.6650118339216,347.1108272520622,814.348937718618,857.0096915461058,194.78966670402713,0.49861047394445335,54.94861137576219,69.0673828125,8.004298780487806,0.42987804878048785,0.9900000000000001,98.03921568627452,0,0,0.974993710691824,8.113498540470589
adaptive_batch,2500,poisson,2,500.0,150.0,20000,20000,2856,17144,16064,0.1428,318.66508255713416,0.12746603302285367,319.36,400.51577767082443,16009.196494369437,13543.497456043388,41207.74187888426,42950.87101261082,14570.439618266642,0.9101293511758184,32.721853728341586,84.47265625,8.498509504950494,49.8509504950495,100.0,1.4614269883215412,0,0,0.974993710691824,50.41029243334136
adaptive,3000,poisson,2,100.0,150.0,20000,20000,0,20000,18965,0.0,2778.846698547887,0.9262822328492957,3006.6666666666665,54.91326494269546,369.24807515510844,325.7160458202253,794.1063907443549,830.6165977551534,193.7960135703792,0.5248396040763981,67.2759567481884,80.46875,8.003147826086957,0.31478260869565217,0.9299999999999999,60.790273556231,0,0,1.0142863636363637,6.824773748731926
fixed,3000,poisson,2,100.0,150.0,20000,20000,0,20000,19005,0.0,2749.820913559894,0.9166069711866314,3000.0,63.245553203367585,387.6671237903058,343.2676646324742,812.1813584930834,852.4933127617527,194.6384535685232,0.5020762443446344,64.12737165178571,75.9765625,8.004779999999997,0.47799999999999987,0.97,98.03921568627452,0,0,1.0142863636363637,6.911359174803967
adaptive_batch,3000,poisson,2,500.0,150.0,20000,20000,2367,17633,16553,0.11835,336.44602087335693,0.11214867362445231,336.9387755102041,476.28227835336196,15085.100481047168,11685.726399183217,40737.55332145961,42849.55613867954,14508.631431760303,0.9617855346730281,32.98687198297765,94.140625,8.496175406504065,49.617540650406504,100.0,1.5404035991962959,0,12,1.0142863636363637,49.199571322113464
adaptive,3250,poisson,2,100.0,150.0,20000,20000,0,20000,18862,0.0,2998.856732311841,0.9227251484036434,3133.0,252.5715740141792,371.630189933933,327.3172329903886,795.557698868738,833.1233110784457,193.75888083041698,0.5213755127506263,72.20284598214286,85.009765625,8.003625396825397,0.36253968253968244,0.9400000000000001,65.359477124183,0,0,0.9602811475409837,6.289730281799472
fixed,3250,poisson,2,100.0,150.0,20000,20000,0,20000,18899,0.0,2947.9008414601917,0.9070464127569821,3139.6666666666665,250.6006118641107,386.777339250492,342.4046203639621,810.051977128805,850.6030423598891,194.5665467723316,0.503045362350773,68.3466045673077,84.86328125,8.004707692307694,0.4707692307692308,0.98,98.03921568627452,0,0,0.9602811475409837,6.411002613859531
adaptive_batch,3250,poisson,2,500.0,150.0,20000,20000,2125,17875,16741,0.10625,344.08402079907404,0.10587200639971509,345.6458333333333,517.8796167345052,14738.70657940456,10958.833946687704,40542.3705593034,42833.88102284271,14466.522196037384,0.9815326818604614,33.0570416773614,99.70703125,8.495042094455853,49.504209445585225,100.0,1.577113110993471,0,0,0.9602811475409837,48.653814150166
adaptive,3500,poisson,2,100.0,150.0,20000,20000,0,20000,19161,0.0,3185.5986720497344,0.910171049157067,3193.5,612.1309500425542,427.47346518427474,384.1904145867883,840.3191499030692,893.5506846842183,192.3104166585639,0.4498768515974739,75.21532402663934,87.5,8.020480327868851,0.3372131147540983,0.9199999999999999,68.96551724137932,0,0,1.1568513274336283,6.014881964924693
fixed,3500,poisson,2,100.0,150.0,20000,20000,0,20000,19192,0.0,3175.2195897460488,0.9072055970702997,3198.6666666666665,596.5322008631778,439.9462538337734,396.2044923154955,853.793325852048,917.0688591714894,194.2356391087672,0.4414985635544382,73.98581582991804,87.5,8.021706557377048,0.4598360655737705,0.95,98.52216748768473,0,0,1.1568513274336283,6.044306372377527
adaptive_batch,3500,poisson,2,500.0,150.0,20000,20000,1986,18014,17258,0.0993,356.8686333527151,0.10196246667220432,357.7083333333333,564.3384361953171,14229.893757690461,9764.072826500058,40353.67605946541,42867.18143403297,14439.638106831751,1.014739698884114,33.175381747159086,100.0,8.495705991735537,49.354979338842966,100.0,1.6011021242556218,0,6,1.1568513274336283,48.359531735429556
adaptive,4000,poisson,2,100.0,150.0,20000,20000,0,20000,19357,0.0,3162.3899993958453,0.7905974998489613,3225.6666666666665,540.5266567586344,752.5912425479545,748.3534864197279,1247.005139678721,1457.0664012375828,284.03199731651415,0.3774053978556837,75.11970766129032,87.5,8.122245161290323,0.3520967741935484,0.89,69.20415224913495,0,0,1.0945454545454545,6.121003419470095
fixed,4000,poisson,2,100.0,150.0,20000,20000,0,20000,19382,0.0,3154.4650974980887,0.7886162743745222,3230.3333333333335,515.9076144685855,764.7078075925767,762.0651199763233,1262.9607489360428,1476.0004222508624,289.0703620505713,0.3780141371390091,73.25478830645162,84.375,8.123425806451612,0.4701612903225806,0.95,98.52216748768473,0,0,1.0945454545454545,6.144306372377526
adaptive_batch,4000,poisson,2,500.0,150.0,20000,20000,1830,18170,17630,0.0915,364.10354400511284,0.09102588600127821,365.0416666666667,586.2868718462753,14208.966921025056,9289.305621313584,40860.28592218861,43508.956554329314,14587.702261635714,1.0266546711464464,33.19184922680412,100.0,8.506931958762888,49.17548453608247,100.0,1.6158292574477546,0,0,1.0945454545454545,48.42029222256742
adaptive,5000,poisson,2,100.0,150.0,20000,20000,0,20000,19548,0.0,3194.942562924397,0.6389885125848794,3255.5,436.11317338507445,1219.0334699242035,1220.976894159161,2057.576428589242,2313.3677674527476,531.971411698222,0.43638786368293786,76.23645413306451,87.5,8.270108064516128,0.31322580645161285,0.8099999999999999,69.44444444444444,0,0,1.1262784810126583,6.118419851062146
fixed,5000,poisson,2,100.0,150.0,20000,20000,0,20000,19574,0.0,3135.0614051517587,0.6270122810303518,3260.3333333333335,442.8099667652781,1230.3493996622926,1234.2239632024948,2072.771761639083,2343.7804606729223,538.06133461136,0.4373240111784893,73.09182787698413,87.5,8.26761746031746,0.48793650793650795,0.98,98.52216748768473,0,0,1.1262784810126583,6.243577866715655
adaptive_batch,5000,poisson,2,500.0,150.0,20000,20000,1692,18308,17876,0.0846,368.7373906787424,0.07374747813574847,369.8958333333333,595.9884062696198,14428.060198637044,9161.241489833814,41601.32373708373,44401.51967023991,14810.53244830439,1.026508916957768,33.27017557989691,100.0,8.524990515463918,49.0861649484536,100.0,1.6294054823780706,0,11,1.1262784810126583,48.478945861973166
adaptive,7500,poisson,2,100.0,150.0,20000,19583,417,19583,19316,0.02085,3198.0131434696764,0.4264017524626235,3218.1666666666665,538.432694648706,1811.1914137508118,1816.604146567183,3167.5600502035127,3459.0058521889614,886.3860344124597,0.4893939026449089,75.77084400614754,87.5,8.459142622950822,0.3418032786885246,0.9400000000000001,69.69039145907473,0,1,1.325926923076923,6.040000191820085
fixed,7500,poisson,2,100.0,150.0,20000,19583,417,19583,19349,0.02085,3163.4240787300832,0.4217898771640111,3223.6666666666665,532.1660141973242,1820.8301857091558,1826.3336511583202,3184.2187536759034,3495.1820283277675,894.0301246130108,0.4910013748837398,73.23824974798387,84.375,8.45306129032258,0.4687096774193549,0.9900000000000001,98.4070351758794,0,0,1.325926923076923,6.116473643257914
adaptive_batch,7500,poisson,2,500.0,150.0,20000,19583,1580,18420,18204,0.079,375.6670778533296,0.05008894371377728,376.9166666666667,616.8096307349424,14689.695476401253,8926.727303656024,42544.88051315953,45526.032569812516,15086.12977918606,1.0269872376470752,33.10597213273196,100.0,8.545456701030929,48.81387628865979,100.0,1.643908969210174,0,4,1.325926923076923,48.457799666723325
adaptive,10000,poisson,2,100.0,150.0,20000,17404,2596,17404,17359,0.1298,3144.8793217455686,0.31448793217455684,3401.8,56.486281520383336,1883.7907597828835,1905.7851954259158,3288.801807688585,3577.355336343483,950.9837236988144,0.5048244974980237,74.56403459821429,87.5,8.473014285714285,0.3392857142857143,0.97,67.984375,0,0,1.004102564102564,5.519766650494197
fixed,10000,poisson,2,100.0,150.0,20000,17404,2596,17404,17359,0.1298,3090.044688906121,0.30900446889061206,3400.0,0.0,1897.4984204525563,1917.0484776398057,3320.5702860962733,3623.155351065098,958.5749878668066,0.5051782797469655,71.72080592105263,84.375,8.466612280701755,0.522982456140351,0.97,98.32768361581921,0,0,1.004102564102564,5.617718106900617
adaptive_batch,10000,poisson,2,500.0,150.0,20000,17404,2596,17404,17296,0.1298,393.4547035569631,0.03934547035569631,396.86046511627904,650.466154508967,12993.468483748396,6626.745019701553,38754.299983298326,41612.69671496502,13698.237822324832,1.0542402776793531,32.97008167613637,100.0,8.497397045454544,43.76270454545455,90.69,1.7184044233807267,0,6,1.004102564102564,43.95931690138237
adaptive,250,poisson,3,100.0,150.0,20000,20000,0,20000,18082,0.0,248.2793084824083,0.9931172339296332,250.05555555555554,15.71299712213588,349.2536359135551,302.50157450668166,779.0837583455329,814.2074291108528,195.37355554181931,0.5594030682909679,10.56666747042181,16.552734375,8.000231824417009,0.023182441700960215,0.12,5.842827928717499,0,0,1.0407428838951314,72.8292668065055
fixed,250,poisson,3,100.0,150.0,20000,20000,0,20000,18103,0.0,248.1550614126466,0.9926202456505864,250.25,16.85793999411169,395.41557175812943,351.4054250559795,811.5573566956888,875.8040936136989,197.03222013400145,0.4982915044492064,7.94945285744863,10.302734375,8.000443835616437,0.04438356164383561,0.32,25.094102885821833,0,0,1.0407428838951314,72.9503557048038
adaptive_batch,250,poisson,3,500.0,150.0,20000,20000,0,20000,18147,0.0,237.19265254166612,0.9487706101666645,237.31578947368422,7.374208253665003,2443.150451793012,2301.6710170973197,4379.82295491442,4717.037482426146,1227.7424582694164,0.5025242949603796,30.172944629161226,32.177734375,8.049910443864231,4.991044386422976,9.85,1.0323646311877355,0,0,1.0407428838951314,76.50742890027857
adaptive,500,poisson,3,100.0,150.0,20000,20000,0,20000,18143,0.0,493.7471337751882,0.9874942675503764,500.25,20.0632927079708,351.2206811853357,304.48975821180466,781.5936415713885,814.9064078849781,195.54471333612508,0.5567574001513256,16.362729279891305,22.1923828125,8.00045679347826,0.04567934782608696,0.19,10.995052226498077,0,0,0.9431885000000001,36.74552976394761
fixed,500,poisson,3,100.0,150.0,20000,20000,0,20000,18165,0.0,492.9782362978839,0.9859564725957678,501.0833333333333,26.1089749210606,404.33997622627675,358.86446770715884,824.3557761378504,886.9179665063994,197.96669274418994,0.4896045515751918,13.379700203252032,16.30859375,8.000951761517616,0.0951761517615176,0.5599999999999999,49.382716049382715,0,0,0.9431885000000001,36.847468432711366
adaptive_batch,500,poisson,3,500.0,150.0,20000,20000,0,20000,18331,0.0,237.04197425204993,0.47408394850409985,237.14285714285714,7.0761167720317175,20938.675497091623,20846.749493978485,39364.98732896126,40923.67394860291,11763.03795005322,0.5617851975253689,30.151304102067183,38.18359375,8.487875968992247,48.78759689922481,96.47,1.0691756655618518,0,0,0.9431885000000001,77.33229550521884
adaptive,1000,poisson,3,100.0,150.0,20000,20000,0,20000,18249,0.0,974.7510255388336,0.9747510255388335,997.7777777777778,25.86061178375456,355.11771104624404,308.7365303127889,784.8690507796284,816.2802610885062,196.0354835110929,0.5520295874107074,27.474521068816486,34.130859375,8.000949468085107,0.09494680851063829,0.27,21.299254526091588,0,0,0.8769924812030075,18.721703821662683
fixed,1000,poisson,3,100.0,150.0,20000,20000,0,20000,18335,0.0,977.5537540572299,0.9775537540572299,1002.7777777777778,55.96380716515184,420.94495550468514,375.97423078360316,842.3462272831791,897.0592931806889,197.82646445690216,0.4699580357714973,23.933962558178195,28.3935546875,8.003860106382978,0.3860106382978723,0.9900000000000001,93.45794392523365,0,0,0.8769924812030075,18.75600182997875
adaptive_batch,1000,poisson,3,500.0,150.0,20000,20000,3114,16886,15119,0.1557,249.0249581139615,0.2490249581139615,249.2,83.34547256216241,21538.773462743313,21385.528530873984,42368.96457943683,42788.53121346668,13670.063564254986,0.6346723311752536,31.4908880936472,50.2685546875,8.52720230263158,52.720230263157895,100.0,1.1708500901400638,0,0,0.8769924812030075,60.71279005328084
adaptive,1500,poisson,3,100.0,150.0,20000,20000,0,20000,18459,0.0,1438.5094752834143,0.9590063168556096,1500.1666666666667,37.99960127382519,360.2428441471445,313.30916451017066,788.660145902952,822.1207663554965,196.80820173527468,0.5463209191599835,38.104295360949614,47.36328125,8.001433333333335,0.14333333333333334,0.44,31.545741324921135,0,0,0.8101672932330827,12.832032264760173
fixed,1500,poisson,3,100.0,150.0,20000,20000,0,20000,18482,0.0,1440.1297077770273,0.9600864718513515,1508.3333333333333,51.49286505444372,408.38549556352365,363.016114185918,832.6624131665144,877.5015859386898,197.66233133878245,0.48400918613926736,34.4947992369186,41.552734375,8.00496511627907,0.4965116279069768,0.9900000000000001,97.0873786407767,0,0,0.8101672932330827,12.833566240730265
adaptive_batch,1500,poisson,3,500.0,150.0,20000,20000,3581,16419,14880,0.17905,271.8891495443041,0.18125943302953604,272.2962962962963,187.02604294787596,19374.02596306839,18772.97129769025,42226.10883559305,42712.78450907097,14241.434417791977,0.7350787309225051,32.15639434591697,61.5478515625,8.516870802919707,51.6870802919708,100.0,1.2700340346534653,0,0,0.8101672932330827,54.72818619256933
adaptive,2000,poisson,3,100.0,150.0,20000,20000,0,20000,18595,0.0,1906.8113555365478,0.9534056777682739,2012.6666666666667,65.60487786742691,365.48089581228095,318.0749202647404,793.4345287737158,825.7738107441866,197.2827179129404,0.5397894121783842,48.423549107142854,58.49609375,8.002104081632652,0.21040816326530612,0.9199999999999999,41.84100418410042,0,0,0.8210050251256281,9.751882348512472
fixed,2000,poisson,3,100.0,150.0,20000,20000,0,20000,18538,0.0,1884.157442532683,0.9420787212663415,2000.0,70.71067811865476,401.18148583445367,354.1208172380585,826.8066611054642,866.9862315549893,198.13514189063613,0.4938790768933839,45.25134154040404,54.6630859375,8.004341414141415,0.4341414141414141,0.98,97.5609756097561,0,0,0.8210050251256281,9.838880542318817
adaptive_batch,2000,poisson,3,500.0,150.0,20000,20000,3404,16596,15138,0.1702,292.7428314395002,0.1463714157197501,293.3529411764706,287.36853157779206,17614.02523700494,16315.461450894833,41672.32186978788,42674.09216469321,14381.090441684932,0.8164567864630964,32.508219715250966,73.4130859375,8.504805984555984,50.48059845559846,100.0,1.3658135132910871,0,0,0.8210050251256281,51.71091611556165
adaptive,2500,poisson,3,100.0,150.0,20000,20000,0,20000,18785,0.0,2371.842974845703,0.9487371899382812,2524.5714285714284,104.22708723880619,371.09642217706124,323.9087744480753,797.9580044733171,829.751857822286,197.8618962228923,0.5331819020569443,58.358154296875,69.8486328125,8.002677499999999,0.26775000000000004,0.7799999999999999,51.679586563307495,0,0,0.7986918238993711,7.920001534343577
fixed,2500,poisson,3,100.0,150.0,20000,20000,0,20000,18726,0.0,2353.123274779857,0.9412493099119429,2500.0,81.64965809277261,396.98873735797736,351.2520621281252,823.8777322356231,861.3512609269026,197.98082145655093,0.4987063934713728,56.209716796875,65.6494140625,8.00474875,0.47487499999999994,0.97,98.03921568627452,0,0,0.7986918238993711,7.957934121301776
adaptive_batch,2500,poisson,3,500.0,150.0,20000,20000,2936,17064,15768,0.1468,315.7420593419228,0.12629682373676912,317.2040816326531,388.39546961354546,16153.223254641225,13851.48676440967,41018.1894746772,42609.04478943344,14416.881660379164,0.8925080420860791,32.8810546875,84.3994140625,8.4986578,49.86578,100.0,1.4563454809251515,0,4,0.7986918238993711,49.939498186792235
adaptive,3000,poisson,3,100.0,150.0,20000,20000,0,20000,18981,0.0,2793.998168608472,0.9313327228694906,3004.0,100.1878236114549,375.50056878767,328.9048429053176,799.6273914634057,834.7710685690419,197.15887436277768,0.5250561270767684,68.67209041819852,81.34765625,8.002719117647061,0.2719117647058824,0.73,61.162079510703364,0,0,0.6628439393939394,6.79349049446705
fixed,3000,poisson,3,100.0,150.0,20000,20000,0,20000,19008,0.0,2732.634122044309,0.9108780406814364,3000.0,109.54451150103323,394.5466806075694,348.02187088462705,818.961786997461,855.3360201748866,197.8939224583975,0.5015728991906792,64.87967354910714,77.34375,8.004598571428572,0.4598571428571429,0.97,98.03921568627452,0,0,0.6628439393939394,6.955925729925357
adaptive_batch,3000,poisson,3,500.0,150.0,20000,20000,2470,17530,16504,0.1235,338.0143815109061,0.11267146050363537,339.875,478.37511431929653,14953.589405742645,11515.84708980146,40402.75187268364,42512.85562484858,14358.97890264226,0.9602362692349948,33.143562675741315,94.6533203125,8.493176482617587,49.31764826175869,100.0,1.534891865861133,0,0,0.6628439393939394,48.82632486294816
adaptive,3250,poisson,3,100.0,150.0,20000,20000,0,20000,18978,0.0,3012.695018134757,0.9269830825030021,3151.8333333333335,331.6838354015261,377.58948284703837,331.5649748992697,801.4755143299576,836.1153588123966,197.099585092306,0.5219943723171736,73.44680059523809,86.1083984375,8.003838095238093,0.38301587301587303,0.9900000000000001,65.57377049180327,0,5,0.7412,6.299343241105701
fixed,3250,poisson,3,100.0,150.0,20000,20000,0,20000,19006,0.0,2989.1550454339686,0.9197400139796826,3157.8333333333335,255.00620907473345,393.78657635270196,346.64703743551956,820.6042210717679,855.7633351214666,198.2514904309876,0.5034490821581996,70.6878662109375,84.375,8.0042734375,0.4265625,0.96,98.52216748768473,0,0,0.7412,6.358318558628226
adaptive_batch,3250,poisson,3,500.0,150.0,20000,20000,2242,17758,16678,0.1121,345.2015204264263,0.1062158524389004,345.9375,515.3595070846692,14632.41330283385,10862.100692413105,40185.4308299747,42459.69996458086,14320.061265426932,0.9786534161561425,33.197879003099175,100.0,8.49245950413223,49.24584710743801,100.0,1.5701149425287357,0,0,0.7412,48.313808060282355
adaptive,3500,poisson,3,100.0,150.0,20000,20000,0,20000,19177,0.0,3149.432565289231,0.8998378757969232,3194.6666666666665,534.1871082932147,466.21693498456403,424.76759379437203,872.0657082540118,955.8912801951336,198.64352292185077,0.4260753053263234,76.53088178790983,87.5,8.031,0.33934426229508197,0.9400000000000001,68.02721088435374,0,0,0.8594424778761061,6.089033374251295
fixed,3500,poisson,3,100.0,150.0,20000,20000,0,20000,19198,0.0,3118.2928343608187,0.8909408098173768,3199.6666666666665,544.8675680077376,480.32936074374413,438.96662324393134,887.3946462225156,982.5440232182513,201.22884192592068,0.4189392911862332,73.83481917842742,87.5,8.032517741935484,0.5356451612903226,0.9900000000000001,98.52216748768473,0,0,0.8594424778761061,6.156573811303121
adaptive_batch,3500,poisson,3,500.0,150.0,20000,20000,2106,17894,17030,0.1053,353.8678619929736,0.10110510342656388,354.3125,539.4354084044035,14309.434247085874,10100.406726363617,40147.966242914925,42604.17730097158,14323.867090509486,1.0010086243225549,33.285028608013484,100.0,8.494242116182573,49.07483402489627,100.0,1.5914265385983635,0,0,0.8594424778761061,48.125308424697096
adaptive,4000,poisson,3,100.0,150.0,20000,20000,0,20000,19072,0.0,3156.83022381729,0.7892075559543226,3178.1666666666665,605.2445511251354,798.5232585329157,799.1507677302154,1327.139143707207,1544.9090410241117,300.76277109506395,0.37664872986622755,76.30275038422131,87.5,8.134218032786885,0.3121311475409836,0.8200000000000001,68.4931506849315,0,3,0.7925252525252524,6.041503231978637
fixed,4000,poisson,3,100.0,150.0,20000,20000,0,20000,18989,0.0,3084.520209408066,0.7711300523520165,3164.8333333333335,579.4999280989314,814.8444577820753,811.7457922056528,1349.2639776196854,1573.1396691917341,305.7898228792496,0.37527385743234815,72.95512537802419,84.375,8.134174193548388,0.5191935483870967,0.9900000000000001,98.52216748768473,0,0,0.7925252525252524,6.1562248618381
adaptive_batch,4000,poisson,3,500.0,150.0,20000,20000,1963,18037,17065,0.09815,354.8276998459612,0.0887069249614903,355.1875,544.4745136465418,14561.978712369279,10267.405347193304,40701.66638689455,43207.49811899661,14481.087247015075,0.9944450224140561,33.29930930028586,100.0,8.507687941787943,49.106237006237016,100.0,1.6050008898380494,0,9,0.7925252525252524,48.09376496651278
adaptive,5000,poisson,3,100.0,150.0,20000,20000,0,20000,19265,0.0,3160.025790564419,0.6320051581128838,3208.3333333333335,478.183925562818,1270.2051490113897,1264.7281968405314,2140.789470288103,2399.5409859968313,546.3307715254502,0.4301122318317349,77.04597848360656,87.5,8.284537704918034,0.35508196721311475,0.9199999999999999,68.4931506849315,0,0,0.6803037974683545,6.096469230575184
fixed,5000,poisson,3,100.0,150.0,20000,20000,0,20000,19184,0.0,3116.1954656529747,0.6232390931305949,3194.6666666666665,460.09854017011037,1288.23402837305,1283.0823380605955,2162.7707797185785,2445.810250754079,550.2212703398149,0.4271128212897047,74.49281754032258,84.375,8.280879032258062,0.4424193548387097,0.9900000000000001,98.52216748768473,0,0,0.6803037974683545,6.1562248618381
adaptive_batch,5000,poisson,3,500.0,150.0,20000,20000,1831,18169,17413,0.09155,361.7460505625004,0.07234921011250008,362.2083333333333,564.9782130362848,14694.862908694613,10014.409788082983,41438.536582109926,44120.30652575887,14701.76380951502,1.0004696131473485,33.31131677904564,100.0,8.52485705394191,48.92964730290457,100.0,1.6180425683498085,0,0,0.6803037974683545,48.135978189460516
adaptive,7500,poisson,3,100.0,150.0,20000,19493,507,19493,19233,0.02535,3156.283063476334,0.4208377417968445,3202.3333333333335,533.2701629255725,1836.5765341716033,1843.845936901781,3227.418093184763,3524.250040679885,901.5960623855353,0.49091123925973745,76.70538230020492,87.5,8.463629508196721,0.3727868852459016,0.9900000000000001,68.87985865724382,0,3,0.7843076923076924,6.0935599289427325
fixed,7500,poisson,3,100.0,150.0,20000,19493,507,19493,19269,0.02535,3100.4777725109525,0.4133970363347937,3209.1666666666665,475.92453883642804,1847.3068000093192,1850.6597831204658,3253.6561174781245,3586.985282555064,911.4698968675524,0.49340472132888497,73.47664000496032,84.375,8.44996349206349,0.4661904761904761,0.98,98.44949494949495,0,0,0.7843076923076924,6.214848618119526
adaptive_batch,7500,poisson,3,500.0,150.0,20000,19493,1728,18272,18056,0.0864,375.1438240085577,0.05001917653447436,375.5833333333333,603.3112119293958,14664.854947203237,9199.694771259197,42242.71342427729,45194.204428451914,14952.277359811558,1.019599403720194,33.229311867868255,100.0,8.543770124481329,48.55668049792531,100.0,1.6333243943863414,0,0,0.7843076923076924,48.13087366617052
adaptive,10000,poisson,3,100.0,150.0,20000,17269,2731,17269,16838,0.13655,3096.1082559966194,0.30961082559966197,3323.0,73.51530452905708,1938.4851508870186,1941.0604900997541,3325.571012333055,3649.8186801782263,935.0768733745791,0.48237505092401844,74.63600852272727,87.5,8.480192727272728,0.36890909090909096,0.8699999999999999,67.45703125,0,0,0.7487179487179487,5.4384403282371485
fixed,10000,poisson,3,100.0,150.0,20000,17269,2731,17269,16838,0.13655,3041.223623211009,0.3041223623211009,3320.0,164.31676725154983,1952.1553452462595,1965.2007643695615,3352.6932084945183,3701.934308795783,941.2962365403661,0.4821830592696115,71.85232979910714,84.375,8.4729875,0.49928571428571417,0.9900000000000001,98.11931818181819,0,0,0.7487179487179487,5.536587270824224
adaptive_batch,10000,poisson,3,500.0,150.0,20000,17269,2731,17269,16945,0.13655,388.768799530721,0.038876879953072103,390.8139534883721,631.433676938515,13162.41545526421,7438.3037725936665,38560.08653357298,41376.97870743089,13600.654915708265,1.0332947597599789,32.93860199254588,100.0,8.497911009174311,43.78016055045872,90.89,1.7052434087093908,0,11,0.7487179487179487,43.58631665003504
